{"cameraMode":{"drawMode":0,"name":"Shaded","section":"Shading Mode"},"sceneLighting":true,"audioPlay":false,"sceneViewState":{"showFog":true,"showMaterialUpdate":false,"showSkybox":true,"showFlares":true,"showImageEffects":true,"showParticleSystems":true},"in2DMode":false,"pivot":{"x":-4.151906967163086,"y":-3.395331382751465,"z":-15.961397171020508},"rotation":{"x":-0.11205978691577912,"y":0.7256133556365967,"z":-0.12175442278385163,"w":-0.668184757232666},"size":17.24205207824707,"orthographic":false}