{"cameraMode":{"drawMode":0,"name":"Shaded","section":"Shading Mode"},"sceneLighting":false,"audioPlay":false,"sceneViewState":{"showFog":true,"showMaterialUpdate":false,"showSkybox":false,"showFlares":true,"showImageEffects":true,"showParticleSystems":true},"in2DMode":false,"pivot":{"x":-0.07785660028457642,"y":0.3666858971118927,"z":-0.020951807498931886},"rotation":{"x":-0.314956396818161,"y":0.3815241754055023,"z":-0.14007000625133515,"w":-0.8577132225036621},"size":0.6441850662231445,"orthographic":false}