{"cameraMode":{"drawMode":0,"name":"Shaded","section":"Shading Mode"},"sceneLighting":true,"audioPlay":false,"sceneViewState":{"showFog":true,"showMaterialUpdate":false,"showSkybox":true,"showFlares":true,"showImageEffects":true,"showParticleSystems":true},"in2DMode":false,"pivot":{"x":195.95082092285157,"y":15.907517433166504,"z":-35.827178955078128},"rotation":{"x":-0.08800341188907623,"y":0.2997848391532898,"z":-0.027790416032075883,"w":-0.9496480226516724},"size":9.482662200927735,"orthographic":false}