{"cameraMode":{"drawMode":0,"name":"Shaded","section":"Shading Mode"},"sceneLighting":true,"audioPlay":false,"sceneViewState":{"showFog":true,"showMaterialUpdate":true,"showSkybox":true,"showFlares":true,"showImageEffects":true,"showParticleSystems":true},"in2DMode":false,"pivot":{"x":4.72536039352417,"y":3.2449045181274416,"z":-8.432243347167969},"rotation":{"x":0.0014723539352416993,"y":-0.07507172226905823,"z":0.00053547287825495,"w":0.997514545917511},"size":6.511746406555176,"orthographic":false}