{"cameraMode":{"drawMode":0,"name":"Shaded","section":"Shading Mode"},"sceneLighting":true,"audioPlay":false,"sceneViewState":{"showFog":true,"showMaterialUpdate":true,"showSkybox":true,"showFlares":true,"showImageEffects":true,"showParticleSystems":true},"in2DMode":false,"pivot":{"x":175.29916381835938,"y":5.612916946411133,"z":-20.7110652923584},"rotation":{"x":-0.0509827546775341,"y":-0.4802786707878113,"z":0.023109883069992067,"w":-0.8760679364204407},"size":0.8660253882408142,"orthographic":false}