{"cameraMode":{"drawMode":0,"name":"Shaded","section":"Shading Mode"},"sceneLighting":true,"audioPlay":false,"sceneViewState":{"showFog":true,"showMaterialUpdate":false,"showSkybox":false,"showFlares":true,"showImageEffects":true,"showParticleSystems":true},"in2DMode":false,"pivot":{"x":4.609020233154297,"y":13.18096923828125,"z":0.12891387939453126},"rotation":{"x":0.027650024741888047,"y":0.9652388095855713,"z":-0.23346133530139924,"w":0.11436744034290314},"size":48.49742126464844,"orthographic":false}