{"cameraMode":{"drawMode":0,"name":"Shaded","section":"Shading Mode"},"sceneLighting":true,"audioPlay":false,"sceneViewState":{"showFog":true,"showMaterialUpdate":true,"showSkybox":true,"showFlares":true,"showImageEffects":true,"showParticleSystems":true},"in2DMode":false,"pivot":{"x":88.53104400634766,"y":21.089265823364259,"z":-79.01341247558594},"rotation":{"x":0.0813032016158104,"y":0.7278197407722473,"z":-0.07785326987504959,"w":0.6779894232749939},"size":5.317366600036621,"orthographic":false}