{"cameraMode":{"drawMode":0,"name":"Shaded","section":"Shading Mode"},"sceneLighting":true,"audioPlay":false,"sceneViewState":{"showFog":true,"showMaterialUpdate":true,"showSkybox":false,"showFlares":true,"showImageEffects":true,"showParticleSystems":true},"in2DMode":false,"pivot":{"x":4.489999771118164,"y":8.899999618530274,"z":40.09000015258789},"rotation":{"x":-0.08825763314962387,"y":0.665958821773529,"z":-0.07964512705802918,"w":-0.7370824813842773},"size":1.2369308471679688,"orthographic":false}