{"cameraMode":{"drawMode":0,"name":"Shaded","section":"Shading Mode"},"sceneLighting":true,"audioPlay":false,"sceneViewState":{"showFog":true,"showMaterialUpdate":false,"showSkybox":true,"showFlares":true,"showImageEffects":true,"showParticleSystems":true},"in2DMode":false,"pivot":{"x":0.1800384223461151,"y":14.808201789855957,"z":-18.3519287109375},"rotation":{"x":0.22720560431480409,"y":0.005822210106998682,"z":-0.0013637947849929333,"w":0.9738337993621826},"size":10.0,"orthographic":false}