{"cameraMode":{"drawMode":0,"name":"Shaded","section":"Shading Mode"},"sceneLighting":false,"audioPlay":false,"sceneViewState":{"showFog":true,"showMaterialUpdate":true,"showSkybox":false,"showFlares":true,"showImageEffects":true,"showParticleSystems":true},"in2DMode":false,"pivot":{"x":4.489999771118164,"y":8.899999618530274,"z":40.09000015258789},"rotation":{"x":-0.0056191012263298038,"y":0.44485098123550417,"z":0.0028394085820764305,"w":0.896149218082428},"size":1.273772954940796,"orthographic":false}