{"cameraMode":{"drawMode":0,"name":"Shaded","section":"Shading Mode"},"sceneLighting":true,"audioPlay":false,"sceneViewState":{"showFog":true,"showMaterialUpdate":true,"showSkybox":true,"showFlares":true,"showImageEffects":true,"showParticleSystems":true},"in2DMode":false,"pivot":{"x":129.7799072265625,"y":7.264091968536377,"z":-99.13641357421875},"rotation":{"x":-0.05005195736885071,"y":-0.41728898882865908,"z":-0.013984903693199158,"w":0.908524751663208},"size":0.45138323307037356,"orthographic":false}