{"cameraMode":{"drawMode":0,"name":"Shaded","section":"Shading Mode"},"sceneLighting":true,"audioPlay":false,"sceneViewState":{"showFog":true,"showMaterialUpdate":false,"showSkybox":false,"showFlares":true,"showImageEffects":true,"showParticleSystems":true},"in2DMode":false,"pivot":{"x":4.6399993896484379,"y":13.439998626708985,"z":0.0},"rotation":{"x":0.027478454634547235,"y":0.9655879139900208,"z":-0.23201321065425874,"w":0.11440878361463547},"size":48.49742126464844,"orthographic":false}