{"cameraMode":{"drawMode":0,"name":"Shaded","section":"Shading Mode"},"sceneLighting":true,"audioPlay":false,"sceneViewState":{"showFog":true,"showMaterialUpdate":false,"showSkybox":true,"showFlares":true,"showImageEffects":true,"showParticleSystems":true},"in2DMode":false,"pivot":{"x":9.561257362365723,"y":7.438136100769043,"z":1.8337935209274293},"rotation":{"x":0.020800525322556497,"y":0.7135379910469055,"z":-0.021207962185144426,"w":0.6999937891960144},"size":10.0,"orthographic":false}