{"cameraMode":{"drawMode":0,"name":"Shaded","section":"Shading Mode"},"sceneLighting":false,"audioPlay":false,"sceneViewState":{"showFog":true,"showMaterialUpdate":false,"showSkybox":false,"showFlares":true,"showImageEffects":true,"showParticleSystems":true},"in2DMode":false,"pivot":{"x":-1.2433693408966065,"y":0.2595985531806946,"z":-0.4233459234237671},"rotation":{"x":0.03620407357811928,"y":0.3509744107723236,"z":0.013624071143567562,"w":-0.9356580376625061},"size":0.8660253882408142,"orthographic":false}